{
    "problem_data"                     : {
        "problem_name"    : "coupled_solid",
        "model_part_name" : "MainModelPart",
        "domain_size"     : 2,
        "parallel_type"   : "OpenMP",
        "echo_level"      : 0,
        "start_time"      : 0.0,
        "end_time"        : 1
    },
    "output_configuration"             : {
        "result_file_configuration" : {
            "gidpost_flags"       : {
                "GiDPostMode"           : "GiD_PostBinary",
                "WriteDeformedMeshFlag" : "WriteDeformed",
                "WriteConditionsFlag"   : "WriteConditions",
                "MultiFileFlag"         : "SingleFile"
            },
            "file_label"          : "time",
            "output_control_type" : "time",
            "output_frequency"    : 1.0,
            "body_output"         : true,
            "node_output"         : false,
            "skin_output"         : false,
            "plane_output"        : [],
            "nodal_results"       : ["VELOCITY","PRESSURE"],
            "gauss_point_results" : []
        },
        "point_data_configuration"  : []
    },
    "restart_options"                  : {
        "SaveRestart"      : "False",
        "RestartFrequency" : 0,
        "LoadRestart"      : "False",
        "Restart_Step"     : 0
    },
    "solver_settings"                  : {
        "solver_type"                  : "FractionalStep",
        "model_import_settings"        : {
            "input_type"     : "mdpa",
            "input_filename" : "coupled_solid"
        },
        "echo_level"                   : 0,
        "compute_reactions"            : false,
        "consider_periodic_conditions" : false,
        "reform_dofs_at_each_step"     : false,
        "time_order"                   : 2,
        "predictor_corrector"          : false,
        "maximum_velocity_iterations"  : 4,
        "maximum_pressure_iterations"  : 4,
        "velocity_tolerance"           : 0.001,
        "pressure_tolerance"           : 0.001,
        "volume_model_part_name"       : "Parts_Parts_Auto1",
        "skin_parts"                   : ["NoSlip2D_NoSlip2D_No_Slip_Cylinder"],
        "no_skin_parts"                : [],
        "time_stepping"                : {
            "automatic_time_step" : false,
            "time_step"           : 0.01
        }
    },
    "initial_conditions_process_list"  : [],
    "boundary_conditions_process_list" : [{
        "python_module" : "apply_noslip_process",
        "kratos_module" : "KratosMultiphysics.FluidDynamicsApplication",
        "process_name"  : "ApplyNoSlipProcess",
        "Parameters"    : {
            "mesh_id"         : 0,
            "model_part_name" : "NoSlip2D_NoSlip2D_No_Slip_Cylinder"
        }
    }],
    "gravity"                          : [{
        "python_module" : "process_factory",
        "kratos_module" : "KratosMultiphysics",
        "process_name"  : "ApplyConstantVectorValueProcess",
        "Parameters"    : {
            "mesh_id"         : 0,
            "model_part_name" : "Parts_Parts_Auto1",
            "variable_name"   : "BODY_FORCE",
            "modulus"         : 0.0,
            "direction"       : [0.0,-1.0,0.0]
        }
    }],
    "auxiliar_process_list"            : []
}
